id,claim,category,topic,difficulty,style
RB0146,维生素C是水溶性维生素，因此无论摄入多少都绝对不会产生任何风险。,医学健康,维生素C,4,因果/范围误导
RB0115,疫苗存在不良反应报告，所以可以断定疫苗总体上比疾病本身更危险。,医学健康,疫苗,4,半真半假
RB0371,Snowden披露后，美国官方监督文件确认NSA曾运行大规模电话元数据收集项目。,隐私与政府项目,NSA电话元数据,2,稳定事实
RB0251,锂离子电池会随着循环次数、温度和时间等因素逐渐老化。,消费电子,锂离子电池,2,稳定事实
RB0060,今天社交平台出现一张所谓“官方最新截图”，内容称：今天太平洋某海域发生的地震已经触发了最高等级海啸警报。截图未附原始发布链接。,地球科学,海啸,5,实时截图
RB0290,今天社交平台出现一张所谓“官方最新截图”，内容称：某主流操作系统更新后所有删除文件都会自动永久上传到云端备份。截图未附原始发布链接。,信息技术,删除文件与数据恢复,5,实时截图
RB0451,味精的主要成分是谷氨酸钠，谷氨酸也天然存在于许多食物中。,食品科学,味精(MSG),2,稳定事实
RB0346,没有外星人证据，所以51区历史上也不可能存在任何秘密军机项目。,解密与政府项目,51区,4,因果/范围误导
RB0017,网传火星探测器拍到了正在移动的“外星城市车辆”，但原始图像编号和来源均未提供。,天文科学,火星,4,匿名爆料
RB0379,截至今天，美国政府已经恢复并公开承认对全球所有电话进行无差别完整录音。,隐私与政府项目,NSA电话元数据,5,实时状态
RB0354,解密文件证明MKULTRA已经成功制造出可以远程控制任何人的完美“思想控制技术”。,解密与政府项目,MKULTRA,3,绝对化谣言
RB0279,截至今天，某主流浏览器已经把无痕模式升级为对所有网站和网络运营商完全匿名。,信息安全,无痕/隐私浏览模式,5,实时状态
RB0250,今天社交平台出现一张所谓“官方最新截图”，内容称：主流浏览器已经彻底取消HTTPS证书验证机制。截图未附原始发布链接。,信息安全,HTTPS,5,实时截图
RB0311,拿破仑并没有可靠证据显示他相对于同时代法国男性异常矮小。,历史,拿破仑身高,2,稳定事实
RB0415,大众确实作弊，所以该公司生产过的每一款车型、每一年份都一定存在完全相同的软件。,企业造假,大众柴油排放门,4,半真半假
RB0095,黑洞不会吸走无限远物体，所以靠近任何黑洞都完全没有危险。,天文科学,黑洞,4,半真半假
RB0248,一名自称“HTTPS领域内部人士”的账号声称，只要网址显示小锁图标，浏览器就会自动替用户赔偿所有网络诈骗损失，而且表示“IETF / browser security docs内部早已确认，只是尚未公开”。,信息安全,HTTPS,5,内部人士二手说法
RB0240,今天社交平台出现一张所谓“官方最新截图”，内容称：某主流平台已经实现对所有AI生成视频100%准确的自动识别。截图未附原始发布链接。,人工智能,AI深度伪造,5,实时截图
RB0130,今天社交平台出现一张所谓“官方最新截图”，内容称：医学界已经发布能够一次服用就根治所有普通感冒的新药。截图未附原始发布链接。,医学健康,普通感冒,5,实时截图
RB0414,大众排放门证明世界上所有柴油车都安装了相同作弊软件。,企业造假,大众柴油排放门,3,绝对化谣言
RB0137,短视频称科学家发现人类其实完全不需要睡眠，睡觉只是现代社会培养出来的习惯。,医学健康,睡眠时长,4,匿名爆料
RB0007,匿名帖称，月球背面已经发现规模巨大的人工城市，但各国航天机构联合隐瞒。,天文科学,月球潮汐锁定,4,匿名爆料
RB0112,疫苗上市前后通常都要持续进行安全性监测。,医学健康,疫苗,3,限定事实
RB0342,51区真实存在并不等于“外星飞船和外星人尸体存放在那里”的说法也被证实。,解密与政府项目,51区,3,限定事实
RB0147,网传某研究证明一片超高剂量维生素C能够替代所有疫苗和抗感染药物。,医学健康,维生素C,4,匿名爆料
RB0014,火星表面目前存在类似地球海洋的大面积稳定液态水。,天文科学,火星,3,绝对化谣言
RB0224,5G无线电波能够在人体内制造并传播病毒。,信息技术,5G通信,3,绝对化谣言
RB0477,网传最新抽检发现全国九成紫菜其实都是废旧塑料回收制成。,食品谣言,塑料紫菜,4,匿名爆料
RB0283,把文件拖进回收站后，数据会立刻从所有存储芯片上物理蒸发，绝不可能恢复。,信息技术,删除文件与数据恢复,2,经典误传
RB0280,今天社交平台出现一张所谓“官方最新截图”，内容称：某主流浏览器已经把无痕模式升级为对所有网站和网络运营商完全匿名。截图未附原始发布链接。,信息安全,无痕/隐私浏览模式,5,实时截图
RB0191,微波炉使用的是非电离辐射，正常工作不会把食物变成放射性物质。,物理与生活,微波炉,2,稳定事实
RB0263,任何二维码只要被相机扫到，就能自动绕过系统权限读取手机中全部文件。,信息安全,二维码,2,经典误传
RB0006,从地球只能看到月球的一面，因此人类不可能直接拍摄到月球背面。,天文科学,月球潮汐锁定,4,因果/范围误导
RB0465,无籽西瓜不是靠避孕药生产，所以农业生产中绝对不会使用任何植物生长调节技术。,食品科学,无籽西瓜,4,半真半假
RB0406,烟草公司隐瞒过风险，因此每一名吸烟者都一定会在同一年龄患上同一种疾病。,企业与公共健康,烟草公司隐瞒危害,4,因果/范围误导
RB0173,只要知道一个人的ABO血型，就可以准确预测其职业能力和恋爱性格。,医学健康,血型与性格,2,经典误传
RB0209,截至今天，全球GPS系统已经出现大范围永久性故障，民用定位基本不可用。,信息技术,GPS定位,5,实时状态
RB0494,方便面之所以能保存较久，唯一原因就是面饼外层覆盖塑料膜。,食品谣言,方便面蜡层,3,绝对化谣言
RB0446,Holmes被定罪，因此任何曾经在Theranos工作的人都应视为参与诈骗。,科技企业,Theranos,4,因果/范围误导
RB0194,只要微波炉运行，房间里的DNA都会被像X射线一样电离破坏。,物理与生活,微波炉,3,绝对化谣言
RB0022,北半球夏季时南半球通常处于冬季，这与两半球接受太阳辐射角度不同有关。,地球科学,四季成因,3,限定事实
RB0141,维生素C缺乏可导致坏血病。,医学健康,维生素C,2,稳定事实
RB0292,使用云存储并不意味着数据永远不会丢失，备份、权限和账户安全仍然重要。,信息技术,云存储,3,限定事实
RB0063,火山口里的岩浆温度低于沸水，因此靠近时主要危险只是烟尘。,地球科学,火山,2,经典误传
RB0235,AI能够伪造视频，所以互联网上所有视频都不再具有任何证据价值。,人工智能,AI深度伪造,4,半真半假
RB0244,HTTPS网站传输的数据在网络中始终以完全明文形式发送。,信息安全,HTTPS,3,绝对化谣言
RB0320,今天社交平台出现一张所谓“官方最新截图”，内容称：法国官方已经公布新的DNA鉴定并彻底推翻拿破仑既有身高记录。截图未附原始发布链接。,历史,拿破仑身高,5,实时截图
RB0374,电话元数据项目意味着NSA自动录下并永久保存了全球每个人每次通话的完整语音内容。,隐私与政府项目,NSA电话元数据,3,绝对化谣言
RB0176,某项小样本调查发现血型与性格相关，就足以证明所有人的性格都由血型决定。,医学健康,血型与性格,4,因果/范围误导
RB0257,网传某系统更新会通过软件把所有旧手机电池物理容量永久砍掉一半。,消费电子,锂离子电池,4,匿名爆料
RB0421,美国监管机构确认富国银行员工曾在客户不知情或未授权情况下开设大量账户。,金融与企业,富国银行未经授权开户,2,稳定事实
RB0211,蓝牙使用射频电磁波进行短距离无线通信。,信息技术,蓝牙,2,稳定事实
RB0319,截至今天，法国官方已经公布新的DNA鉴定并彻底推翻拿破仑既有身高记录。,历史,拿破仑身高,5,实时状态
RB0123,普通感冒的唯一病因就是身体受凉，因此病毒与感冒无关。,医学健康,普通感冒,2,经典误传
RB0062,不同火山岩浆的成分和黏度差异很大，并非所有火山喷发方式都一样。,地球科学,火山,3,限定事实
RB0409,截至今天，某大型烟草公司已经被监管机构确认秘密加入新的未公开致命化学物质。,企业与公共健康,烟草公司隐瞒危害,5,实时状态
RB0076,天气和气候不同，所以极端天气事件与气候变化之间绝对不存在任何联系。,环境科学,天气与气候,4,因果/范围误导
RB0370,今天社交平台出现一张所谓“官方最新截图”，内容称：FBI已经正式宣布恢复COINTELPRO原项目名称和全部历史行动方式。截图未附原始发布链接。,解密与政府项目,COINTELPRO,5,实时截图
RB0072,天气描述较短时间尺度的大气状况，气候通常关注更长时期的统计特征。,环境科学,天气与气候,3,限定事实
RB0203,手机GPS定位时必须向太空中的GPS卫星发送自己的姓名和手机号码。,信息技术,GPS定位,2,经典误传
RB0177,网传某公司已经用血型检测准确预测员工忠诚度，准确率达到99.9%。,医学健康,血型与性格,4,匿名爆料
RB0216,蓝牙存在漏洞风险，所以只要开启蓝牙就一定会被黑客入侵。,信息技术,蓝牙,4,因果/范围误导
RB0042,地震危险性评估可以估计某地区长期发生强震的概率，但这不同于精确短临预报。,地球科学,地震预测,3,限定事实
RB0463,无籽西瓜之所以没有籽，是因为种植者给每个西瓜注射了人用避孕药。,食品科学,无籽西瓜,2,经典误传
RB0486,肉松和棉花可以实验区分，因此消费者凭肉眼就能对所有加工肉松做出准确成分鉴定。,食品谣言,棉花肉松,4,因果/范围误导
RB0032,闪电发生时，先看到闪光后听到雷声主要是因为光传播速度远快于声音。,地球科学,雷电,3,限定事实
RB0121,普通感冒可由多种病毒引起，并不存在一种抗生素可以直接治愈所有普通感冒。,医学健康,普通感冒,2,稳定事实
RB0335,爱因斯坦数学成绩不错，所以他在学校所有科目都一直是满分。,历史,爱因斯坦数学成绩,4,半真半假
RB0333,爱因斯坦在学校数学长期不及格，后来完全靠运气成为物理学家。,历史,爱因斯坦数学成绩,2,经典误传
RB0201,GPS接收设备通过接收卫星信号并计算传播时间来估算位置。,信息技术,GPS定位,2,稳定事实
RB0384,美国政府已经承认1962年完整执行了Northwoods计划中的所有行动。,解密与军事史,Operation Northwoods,3,绝对化谣言
RB0458,一名自称“味精(MSG)领域内部人士”的账号声称，某实验发现味精会在胃里变成强致癌工业胶水，而且表示“FDA / EFSA / WHO-JECFA内部早已确认，只是尚未公开”。,食品科学,味精(MSG),5,内部人士二手说法
RB0281,在许多存储系统中，普通删除操作可能只是移除文件索引或标记空间可用，数据不一定立刻物理消失。,信息技术,删除文件与数据恢复,2,稳定事实
RB0214,只要开启蓝牙，附近任何人都能无需配对直接读取手机里的所有照片和密码。,信息技术,蓝牙,3,绝对化谣言
RB0169,截至今天，气象部门已经宣布本周全国所有地区紫外线指数均达到最高等级。,医学健康,防晒与紫外线,5,实时状态
RB0096,黑洞有事件视界，因此黑洞内部一定是一个通往其他宇宙的虫洞。,天文科学,黑洞,4,因果/范围误导
RB0230,今天社交平台出现一张所谓“官方最新截图”，内容称：某国已经因确认5G导致传染病而全面关闭全国5G网络。截图未附原始发布链接。,信息技术,5G通信,5,实时截图
RB0126,感冒多数会自愈，所以任何持续或严重症状都完全不需要就医评估。,医学健康,普通感冒,4,因果/范围误导
RB0243,网址前有HTTPS就意味着该网站一定是政府认证的安全网站，不可能诈骗。,信息安全,HTTPS,2,经典误传
RB0500,今天社交平台出现一张所谓“官方最新截图”，内容称：监管部门已经确认所有主流方便面品牌统一使用工业石蜡涂层。截图未附原始发布链接。,食品谣言,方便面蜡层,5,实时截图
RB0081,现代鸟类被主流古生物学认为是兽脚类恐龙的现存后代。,生命科学,恐龙与鸟类,2,稳定事实
RB0101,抗生素用于治疗细菌感染，对普通感冒等病毒感染本身没有直接治疗作用。,医学健康,抗生素与病毒,2,稳定事实
RB0227,匿名帖称运营商秘密把5G基站功率调高了1000倍，用于大规模控制人的情绪。,信息技术,5G通信,4,匿名爆料
RB0305,从月球看不清长城，所以任何卫星也不可能拍摄到长城。,历史与科普,万里长城与太空可见性,4,半真半假
RB0219,截至今天，主流手机系统已经因为严重安全漏洞全面禁用了蓝牙功能。,信息技术,蓝牙,5,实时状态
RB0448,一名自称“Theranos领域内部人士”的账号声称，Theranos秘密技术其实已经实现无针检测所有疾病，只是被传统医院联合封杀，而且表示“SEC / U.S. DOJ内部早已确认，只是尚未公开”。,科技企业,Theranos,5,内部人士二手说法
RB0128,一名自称“普通感冒领域内部人士”的账号声称，某种家用饮料已经被大型医院证实能在10分钟内彻底杀灭所有感冒病毒，而且表示“CDC / NHS内部早已确认，只是尚未公开”。,医学健康,普通感冒,5,内部人士二手说法
RB0339,截至今天，爱因斯坦档案馆已经公布新材料确认他少年时期完全不会基础数学。,历史,爱因斯坦数学成绩,5,实时状态
RB0271,浏览器无痕模式主要减少本地浏览历史、Cookie等信息在会话结束后的保留。,信息安全,无痕/隐私浏览模式,2,稳定事实
RB0353,MKULTRA完全是小说虚构，从未存在任何CIA项目。,解密与政府项目,MKULTRA,2,经典误传
RB0282,能否恢复已删除文件取决于存储介质、系统机制、后续写入和加密等多种因素。,信息技术,删除文件与数据恢复,3,限定事实
RB0233,只要视频里人物嘴型和声音一致，就能百分之百确定视频是真实拍摄。,人工智能,AI深度伪造,2,经典误传
RB0048,一名自称“地震预测领域内部人士”的账号声称，掌握“官方内部地震预测表”，能精确到未来一个月每天的震级和地点，而且表示“USGS / 中国地震局内部早已确认，只是尚未公开”。,地球科学,地震预测,5,内部人士二手说法
RB0157,网传某品牌咖啡被发现加入了秘密兴奋剂，喝一杯效果相当于连续三天不睡觉。,医学健康,咖啡因,4,匿名爆料
RB0003,月球完全不自转，所以我们才总看到同一面。,天文科学,月球潮汐锁定,2,经典误传
RB0166,高SPF产品能减少部分紫外线暴露，因此涂一次后整天都不需要补涂或考虑出汗、摩擦。,医学健康,防晒与紫外线,4,因果/范围误导
RB0404,法院已经证明吸烟对人体完全无害，过去所有健康警告都是竞争对手编造的。,企业与公共健康,烟草公司隐瞒危害,3,绝对化谣言
RB0152,不同人对咖啡因的敏感程度和代谢速度存在明显差异。,医学健康,咖啡因,3,限定事实
RB0019,截至今天，火星表面仍有至少两辆NASA火星车处于正常科学运行状态。,天文科学,火星,5,实时状态
RB0055,海啸在深海波高不明显，所以深海传播阶段完全没有能量和危险。,地球科学,海啸,4,半真半假
RB0104,只要是发烧，就说明必须立即使用抗生素。,医学健康,抗生素与病毒,3,绝对化谣言
RB0085,鸟类是恐龙后代，所以今天所有爬行动物都可以直接称为恐龙。,生命科学,恐龙与鸟类,4,半真半假
RB0413,所谓大众柴油排放作弊完全是竞争对手造谣，没有任何监管或司法证据。,企业造假,大众柴油排放门,2,经典误传
RB0078,一名自称“天气与气候领域内部人士”的账号声称，全球温度数据被所有气象机构统一修改，真实温度几十年来一直完全没变，而且表示“WMO / NOAA / NASA内部早已确认，只是尚未公开”。,环境科学,天气与气候,5,内部人士二手说法
RB0278,一名自称“无痕/隐私浏览模式领域内部人士”的账号声称，浏览器无痕模式可以自动删除所有服务器和第三方公司已经保存的用户数据，而且表示“Chrome / Firefox / Safari documentation内部早已确认，只是尚未公开”。,信息安全,无痕/隐私浏览模式,5,内部人士二手说法
RB0328,一名自称“维京人角盔领域内部人士”的账号声称，发现一座维京万人墓，所有遗骸都戴着完全相同的巨型牛角头盔，而且表示“National Museum of Denmark / historical scholarship内部早已确认，只是尚未公开”。,历史,维京人角盔,5,内部人士二手说法
RB0464,所有无籽西瓜都是转基因作物。,食品科学,无籽西瓜,3,绝对化谣言
RB0452,主流食品安全机构并不认为正常膳食使用味精会普遍导致所谓严重“中餐馆综合征”。,食品科学,味精(MSG),3,限定事实
RB0228,一名自称“5G通信领域内部人士”的账号声称，运营商秘密把5G基站功率调高了1000倍，用于大规模控制人的情绪，而且表示“WHO / ICNIRP / FCC内部早已确认，只是尚未公开”。,信息技术,5G通信,5,内部人士二手说法
RB0295,云服务商有多副本机制，所以用户完全不需要考虑误删、账号丢失或额外备份。,信息技术,云存储,4,半真半假
RB0382,存在Northwoods提案并不意味着其中提出的计划最终被批准并实际执行。,解密与军事史,Operation Northwoods,3,限定事实
RB0431,多家金融机构和交易员曾因操纵或企图操纵LIBOR等基准利率受到监管处罚或刑事追责。,金融市场,LIBOR操纵,2,稳定事实
RB0075,全球平均气温上升，因此任何一次极端天气都可以直接归因于气候变化。,环境科学,天气与气候,4,半真半假
RB0170,今天社交平台出现一张所谓“官方最新截图”，内容称：气象部门已经宣布本周全国所有地区紫外线指数均达到最高等级。截图未附原始发布链接。,医学健康,防晒与紫外线,5,实时截图
RB0051,海底强震是海啸的重要成因之一，但火山活动和海底滑坡等也可能引发海啸。,地球科学,海啸,2,稳定事实
RB0016,火星曾经存在流水痕迹，因此已经证明火星上存在现存智慧生命。,天文科学,火星,4,因果/范围误导
RB0158,一名自称“咖啡因领域内部人士”的账号声称，某品牌咖啡被发现加入了秘密兴奋剂，喝一杯效果相当于连续三天不睡觉，而且表示“FDA / EFSA内部早已确认，只是尚未公开”。,医学健康,咖啡因,5,内部人士二手说法
RB0213,蓝牙耳机通过电离辐射工作，原理和医用X射线机相同。,信息技术,蓝牙,2,经典误传
RB0344,CIA公开文件已经确认51区储存并研究坠毁的外星飞船。,解密与政府项目,51区,3,绝对化谣言
RB0188,一名自称“洗手与肥皂领域内部人士”的账号声称，某款普通香皂能在一次洗手后让皮肤永久保持无菌，而且表示“CDC / WHO内部早已确认，只是尚未公开”。,医学健康,洗手与肥皂,5,内部人士二手说法
RB0084,现代人类曾与霸王龙生活在同一时代。,生命科学,恐龙与鸟类,3,绝对化谣言
RB0485,棉花肉松是谣言，所以任何肉松产品都必然符合所有食品安全标准。,食品谣言,棉花肉松,4,半真半假
RB0316,拿破仑身高接近当时平均水平，因此“拿破仑情结”这一词一定来自他本人正式提出的心理学理论。,历史,拿破仑身高,4,因果/范围误导
RB0306,近地轨道有时可以辨认地表结构，因此从月球也一定同样容易看到。,历史与科普,万里长城与太空可见性,4,因果/范围误导
RB0478,一名自称“塑料紫菜领域内部人士”的账号声称，最新抽检发现全国九成紫菜其实都是废旧塑料回收制成，而且表示“中国互联网联合辟谣平台 / 市场监管部门内部早已确认，只是尚未公开”。,食品谣言,塑料紫菜,5,内部人士二手说法
RB0241,HTTPS通常可以加密浏览器与网站服务器之间传输的数据，并验证网站证书链。,信息安全,HTTPS,2,稳定事实
RB0361,FBI曾运行COINTELPRO，对多个美国国内政治和社会团体进行监视、渗透和破坏行动。,解密与政府项目,COINTELPRO,2,稳定事实
RB0132,长期睡眠不足通常会影响注意力、情绪和多方面健康状态。,医学健康,睡眠时长,3,限定事实
RB0005,因为月球总是同一面朝向地球，所以月球背面没有昼夜变化。,天文科学,月球潮汐锁定,4,半真半假
RB0044,动物异常行为已经被证明可以稳定、精确地提前预测所有大地震。,地球科学,地震预测,3,绝对化谣言
RB0030,今天社交平台出现一张所谓“官方最新截图”，内容称：地球自转轴倾角已经比去年突然变化了超过1度。截图未附原始发布链接。,地球科学,四季成因,5,实时截图
RB0149,截至今天，WHO已经建议所有人每天服用数克维生素C来预防所有呼吸道感染。,医学健康,维生素C,5,实时状态
RB0441,Theranos曾宣称其少量血液检测技术能够完成大量检测项目，但这些能力后来被监管调查和司法案件严重质疑并揭穿。,科技企业,Theranos,2,稳定事实
RB0495,方便面没有工业蜡层，所以方便面的钠、脂肪和整体营养结构完全不需要关注。,食品谣言,方便面蜡层,4,半真半假
RB0489,截至今天，某地监管机构已经确认当地所有肉松店统一使用棉花代替肉类。,食品谣言,棉花肉松,5,实时状态
RB0254,锂离子电池使用十年后容量也不会有任何衰减。,消费电子,锂离子电池,3,绝对化谣言
RB0466,无籽西瓜利用倍性育种，所以食用后会改变人体染色体倍数。,食品科学,无籽西瓜,4,因果/范围误导
RB0125,受凉本身不是普通感冒的直接病原，所以冬季气温变化与呼吸道感染传播完全没有任何关系。,医学健康,普通感冒,4,半真半假
RB0403,烟草公司历史上从未掌握过任何有关吸烟健康风险的内部研究。,企业与公共健康,烟草公司隐瞒危害,2,经典误传
RB0202,普通GPS接收器主要是接收卫星信号，并不需要向GPS卫星发射高功率定位请求。,信息技术,GPS定位,3,限定事实
RB0207,网传GPS卫星会持续记录并保存每一部手机用户的完整移动轨迹和聊天内容。,信息技术,GPS定位,4,匿名爆料
RB0286,SSD有TRIM机制，因此任何SSD上误删的文件都绝对瞬间不可恢复。,信息技术,删除文件与数据恢复,4,因果/范围误导
RB0204,GPS卫星只要停止互联网连接，全球所有GPS定位就会立即失效。,信息技术,GPS定位,3,绝对化谣言
RB0340,今天社交平台出现一张所谓“官方最新截图”，内容称：爱因斯坦档案馆已经公布新材料确认他少年时期完全不会基础数学。截图未附原始发布链接。,历史,爱因斯坦数学成绩,5,实时截图
RB0427,网传富国银行至今会自动为每个新客户秘密开设100个账户。,金融与企业,富国银行未经授权开户,4,匿名爆料
RB0156,咖啡因会影响部分人的睡眠，所以任何含咖啡因饮料在任何剂量下都等同于有毒物质。,医学健康,咖啡因,4,因果/范围误导
RB0430,今天社交平台出现一张所谓“官方最新截图”，内容称：监管机构刚刚宣布富国银行再次出现全国性未经授权开户事件。截图未附原始发布链接。,金融与企业,富国银行未经授权开户,5,实时截图
RB0296,云端数据在远程服务器上，所以云存储一定比任何本地存储都更不安全。,信息技术,云存储,4,因果/范围误导
RB0341,美国政府后来公开承认内华达州Groom Lake一带的51区与U-2、A-12等秘密航空项目有关。,解密与政府项目,51区,2,稳定事实
RB0172,目前没有可靠科学证据证明ABO血型可以准确决定一个人的性格类型。,医学健康,血型与性格,3,限定事实
RB0359,截至今天，美国政府已经宣布重新启动MKULTRA并公开招募普通民众参加思想控制实验。,解密与政府项目,MKULTRA,5,实时状态
RB0215,蓝牙是非电离辐射，因此所有蓝牙设备在任何功率、任何使用方式下都绝对不存在任何安全规范需求。,信息技术,蓝牙,4,半真半假
RB0293,云存储里的文件只存在于用户手机里，服务商服务器不会保存任何数据。,信息技术,云存储,2,经典误传
RB0472,紫菜浸水后具有韧性或被拉伸，并不能单凭手感证明它是塑料。,食品谣言,塑料紫菜,3,限定事实
RB0058,一名自称“海啸领域内部人士”的账号声称，某次远海小地震已经产生300米高海啸，并将在数小时后横扫整个太平洋沿岸，而且表示“NOAA Tsunami / USGS内部早已确认，只是尚未公开”。,地球科学,海啸,5,内部人士二手说法
RB0163,阴天完全没有紫外线，所以任何情况下都不需要考虑防晒。,医学健康,防晒与紫外线,2,经典误传
RB0124,只要大量出汗，就能把感冒病毒从体内排干净并立即痊愈。,医学健康,普通感冒,3,绝对化谣言
RB0345,51区确实长期保密，所以关于51区的所有外星人故事都应该视为真实。,解密与政府项目,51区,4,半真半假
RB0099,截至今天，天文学界已经确认银河系中心黑洞突然开始直接威胁太阳系安全。,天文科学,黑洞,5,实时状态
RB0483,市场上的肉松普遍由染色棉花制作，几乎不含肉类。,食品谣言,棉花肉松,2,经典误传
RB0034,手机信号会像避雷针一样主动把远处雷电吸引到使用者身上。,地球科学,雷电,3,绝对化谣言
RB0447,网传Theranos秘密技术其实已经实现无针检测所有疾病，只是被传统医院联合封杀。,科技企业,Theranos,4,匿名爆料
RB0082,非鸟恐龙在约6600万年前的大灭绝中消失，而现代人类出现得晚得多。,生命科学,恐龙与鸟类,3,限定事实
RB0168,一名自称“防晒与紫外线领域内部人士”的账号声称，某种普通室内灯会产生比正午太阳强十倍的紫外线，几分钟即可严重灼伤皮肤，而且表示“WHO / FDA / 气象部门内部早已确认，只是尚未公开”。,医学健康,防晒与紫外线,5,内部人士二手说法
RB0200,今天社交平台出现一张所谓“官方最新截图”，内容称：某国监管机构已经宣布家用微波炉存在不可避免的核辐射风险并全面召回。截图未附原始发布链接。,物理与生活,微波炉,5,实时截图
RB0150,今天社交平台出现一张所谓“官方最新截图”，内容称：WHO已经建议所有人每天服用数克维生素C来预防所有呼吸道感染。截图未附原始发布链接。,医学健康,维生素C,5,实时截图
RB0373,Snowden披露的NSA电话元数据项目从来不存在，后来所有官方文件都证明是伪造。,隐私与政府项目,NSA电话元数据,2,经典误传
RB0387,网传新解密文件证明Northwoods计划实际上持续执行至今，并涵盖所有国际冲突。,解密与军事史,Operation Northwoods,4,匿名爆料
RB0127,网传某种家用饮料已经被大型医院证实能在10分钟内彻底杀灭所有感冒病毒。,医学健康,普通感冒,4,匿名爆料
RB0232,AI生成内容检测工具并非百分之百准确，核验仍需要结合来源、原始文件和其他证据。,人工智能,AI深度伪造,3,限定事实
RB0229,截至今天，某国已经因确认5G导致传染病而全面关闭全国5G网络。,信息技术,5G通信,5,实时状态
RB0454,只要吃一口含味精的食物，就会必然造成永久性脑损伤。,食品科学,味精(MSG),3,绝对化谣言
RB0408,一名自称“烟草公司隐瞒危害领域内部人士”的账号声称，烟草公司在香烟里加入了可以远程操纵人的纳米机器人，而且表示“U.S. DOJ / Tobacco Master Settlement documents内部早已确认，只是尚未公开”。,企业与公共健康,烟草公司隐瞒危害,5,内部人士二手说法
RB0093,黑洞的引力可以瞬间超光速传遍整个宇宙。,天文科学,黑洞,2,经典误传
RB0394,Tuskegee研究的主要内容是研究人员故意给所有参与者注射梅毒病原体。,医学史与伦理,Tuskegee梅毒研究,3,绝对化谣言
RB0299,截至今天，某主流云盘已经宣布所有免费用户文件将在今晚统一永久删除。,信息技术,云存储,5,实时状态
RB0252,现代锂离子电池不存在镍镉电池那种典型的“必须每次彻底放空才能避免记忆效应”的使用要求。,消费电子,锂离子电池,3,限定事实
RB0256,电池容量下降说明手机厂商一定在远程偷走了部分电量。,消费电子,锂离子电池,4,因果/范围误导
RB0197,网传实验发现吃一口微波炉加热的食物会使人体辐射值升高几十倍。,物理与生活,微波炉,4,匿名爆料
RB0461,市售无籽西瓜通常通过育种产生三倍体植株等方法获得，并不是因为给西瓜注射“避孕药”。,食品科学,无籽西瓜,2,稳定事实
RB0028,一名自称“四季成因领域内部人士”的账号声称，有帖子称科学家已经发现地轴在一个月内突然倾斜了数度，因此全球四季将彻底颠倒，而且表示“NASA Earth Observatory / NOAA内部早已确认，只是尚未公开”。,地球科学,四季成因,5,内部人士二手说法
RB0193,微波炉加热后的食物会残留核辐射，吃下去会让人体具有放射性。,物理与生活,微波炉,2,经典误传
RB0011,火星有两颗已知天然卫星，分别是火卫一和火卫二。,天文科学,火星,2,稳定事实
RB0094,任何靠近黑洞几光年以内的物体都会立刻被吸进去。,天文科学,黑洞,3,绝对化谣言
RB0270,今天社交平台出现一张所谓“官方最新截图”，内容称：主流手机系统已经因为安全问题全面停止支持二维码扫描。截图未附原始发布链接。,信息安全,二维码,5,实时截图
RB0336,爱因斯坦没有数学不及格，因此任何关于他学生时代学习困难的描述都一定是假的。,历史,爱因斯坦数学成绩,4,因果/范围误导
RB0363,COINTELPRO只是电影中的虚构机构，FBI从未实施类似项目。,解密与政府项目,COINTELPRO,2,经典误传
RB0087,网传某偏远岛屿发现了仍然存活的霸王龙种群，但没有任何可核验标本或坐标。,生命科学,恐龙与鸟类,4,匿名爆料
RB0429,截至今天，监管机构刚刚宣布富国银行再次出现全国性未经授权开户事件。,金融与企业,富国银行未经授权开户,5,实时状态
RB0049,截至今天，某研究机构已经正式宣布可以提前7天准确预测全球所有7级以上地震。,地球科学,地震预测,5,实时状态
RB0164,SPF50意味着涂一次防晒后可以在太阳下安全待50小时。,医学健康,防晒与紫外线,3,绝对化谣言
RB0272,无痕模式通常不能让用户对网络服务商、网站或单位网络管理员完全隐身。,信息安全,无痕/隐私浏览模式,3,限定事实
RB0380,今天社交平台出现一张所谓“官方最新截图”，内容称：美国政府已经恢复并公开承认对全球所有电话进行无差别完整录音。截图未附原始发布链接。,隐私与政府项目,NSA电话元数据,5,实时截图
RB0435,LIBOR曾被操纵，所以历史上任何一笔浮动利率贷款的利率都一定是人为伪造。,金融市场,LIBOR操纵,4,半真半假
RB0276,无痕模式会清除部分本地记录，所以即使登录账号后网站也绝对无法识别用户。,信息安全,无痕/隐私浏览模式,4,因果/范围误导
RB0110,今天社交平台出现一张所谓“官方最新截图”，内容称：卫生机构已经批准某种普通抗生素作为所有流感病例的一线抗病毒药。截图未附原始发布链接。,医学健康,抗生素与病毒,5,实时截图
RB0422,销售指标和激励机制被认为是该丑闻的重要背景因素之一。,金融与企业,富国银行未经授权开户,3,限定事实
RB0145,维生素C不能包治感冒，所以人体完全不需要摄入维生素C。,医学健康,维生素C,4,半真半假
RB0105,抗生素不能治疗病毒，所以病毒感染患者在任何情况下都绝不可能需要抗生素。,医学健康,抗生素与病毒,4,半真半假
RB0237,网传已有AI系统可以只看一张普通照片就百分之百还原一个人的全部记忆。,人工智能,AI深度伪造,4,匿名爆料
RB0496,方便面可以长期保存，因此其中一定加入了大量剧毒防腐剂。,食品谣言,方便面蜡层,4,因果/范围误导
RB0291,云存储通常意味着数据保存在远程数据中心的服务器上，而不是字面意义上的“云里”。,信息技术,云存储,2,稳定事实
RB0043,只要观察云的形状，就能准确预测未来三天内地震的具体时间和震级。,地球科学,地震预测,2,经典误传
RB0247,网传只要网址显示小锁图标，浏览器就会自动替用户赔偿所有网络诈骗损失。,信息安全,HTTPS,4,匿名爆料
RB0079,截至今天，2026年已经被正式确认是有观测记录以来全球最热的一整年。,环境科学,天气与气候,5,实时状态
RB0089,截至今天，科学界已经正式确认发现了仍存活的非鸟恐龙。,生命科学,恐龙与鸟类,5,实时状态
RB0488,一名自称“棉花肉松领域内部人士”的账号声称，监管部门秘密抽检发现全国80%的肉松蛋糕都使用医用棉花，而且表示“市场监管部门 / 中国互联网联合辟谣平台内部早已确认，只是尚未公开”。,食品谣言,棉花肉松,5,内部人士二手说法
RB0027,有帖子称科学家已经发现地轴在一个月内突然倾斜了数度，因此全球四季将彻底颠倒。,地球科学,四季成因,4,匿名爆料
RB0053,所有海啸都由台风直接产生。,地球科学,海啸,2,经典误传
RB0142,对普通人而言，维生素C并不能保证预防或立即治愈所有普通感冒。,医学健康,维生素C,3,限定事实
RB0097,帖子称天文学家发现一个黑洞正在以超光速朝太阳系冲来，并将在一年内吞噬地球。,天文科学,黑洞,4,匿名爆料
RB0160,今天社交平台出现一张所谓“官方最新截图”，内容称：某主要监管机构已经宣布全面禁止所有含咖啡因饮料销售。截图未附原始发布链接。,医学健康,咖啡因,5,实时截图
RB0493,所有方便面表面都涂有一层工业石蜡，吃一次后蜡会在胃里停留一个月。,食品谣言,方便面蜡层,2,经典误传
RB0154,所有人喝同样剂量咖啡后产生的生理反应完全一致。,医学健康,咖啡因,3,绝对化谣言
RB0425,富国银行曾违规开户，所以任何客户发现陌生账户都可以不经核验直接断定是银行故意诈骗。,金融与企业,富国银行未经授权开户,4,半真半假
RB0491,方便面面饼表面通常并不存在所谓“为了防腐而涂一层消化不掉的工业蜡”的普遍工艺。,食品谣言,方便面蜡层,2,稳定事实
RB0388,一名自称“Operation Northwoods领域内部人士”的账号声称，新解密文件证明Northwoods计划实际上持续执行至今，并涵盖所有国际冲突，而且表示“National Security Archive / declassified records内部早已确认，只是尚未公开”。,解密与军事史,Operation Northwoods,5,内部人士二手说法
RB0301,“从月球上肉眼能清楚看到万里长城”并不是可靠事实。,历史与科普,万里长城与太空可见性,2,稳定事实
RB0273,开启无痕模式后，网络运营商和访问的网站都无法知道用户访问过它们。,信息安全,无痕/隐私浏览模式,2,经典误传
RB0274,无痕模式会自动使用全球匿名代理并隐藏所有网络流量。,信息安全,无痕/隐私浏览模式,3,绝对化谣言
RB0298,一名自称“云存储领域内部人士”的账号声称，所有主流云盘会秘密把用户文件自动公开给互联网上任何人，而且表示“Cloud provider documentation / NIST内部早已确认，只是尚未公开”。,信息技术,云存储,5,内部人士二手说法
RB0015,既然火星存在水冰，就说明宇航员登陆后可以直接融化饮用而无需净化处理。,天文科学,火星,4,半真半假
RB0456,有人吃含味精食物后头痛，所以已经证明味精对所有人都有神经毒性。,食品科学,味精(MSG),4,因果/范围误导
RB0195,微波属于非电离辐射，所以微波炉即使门损坏并发生严重泄漏也绝对没有任何安全风险。,物理与生活,微波炉,4,半真半假
RB0481,网络上曾出现“肉松水洗后像棉花，所以肉松是棉花做的”说法，但肉类肌纤维在处理后出现纤维状并不能证明是棉花。,食品谣言,棉花肉松,2,稳定事实
RB0144,每天服用超大剂量维生素C可以百分之百预防任何癌症和病毒感染。,医学健康,维生素C,3,绝对化谣言
RB0033,雷绝不会劈同一个地方两次。,地球科学,雷电,2,经典误传
RB0455,味精在正常膳食用量下通常被认为安全，所以任何人无论摄入多少都绝对不会出现不适。,食品科学,味精(MSG),4,半真半假
RB0001,月球自转一周和绕地球公转一周所需时间接近，因此它总是大致以同一面朝向地球。,天文科学,月球潮汐锁定,2,稳定事实
RB0196,微波加热速度快，因此所有食物的营养都会被百分之百破坏。,物理与生活,微波炉,4,因果/范围误导
RB0397,网传Tuskegee研究至今仍在原地点秘密继续，并每年故意感染大量新受试者。,医学史与伦理,Tuskegee梅毒研究,4,匿名爆料
RB0368,一名自称“COINTELPRO领域内部人士”的账号声称，COINTELPRO从未结束，现在通过每一台家用电视秘密监听所有家庭，而且表示“FBI Vault / U.S. Senate Church Committee内部早已确认，只是尚未公开”。,解密与政府项目,COINTELPRO,5,内部人士二手说法
RB0184,使用抗菌皂一次后，双手可以连续24小时保持无菌状态。,医学健康,洗手与肥皂,3,绝对化谣言
RB0002,由于月球存在天平动，从地球长期累计可以看到的月面超过一半，并非永远只能看到严格的50%。,天文科学,月球潮汐锁定,3,限定事实
RB0476,塑料与紫菜质地不同，因此普通消费者只用手拉一次就能百分之百完成材质鉴定。,食品谣言,塑料紫菜,4,因果/范围误导
RB0262,恶意二维码可能把用户引向钓鱼网站，因此扫描来源不明的二维码需要谨慎。,信息安全,二维码,3,限定事实
RB0174,ABO血型会随着人的性格变化而自动改变。,医学健康,血型与性格,3,绝对化谣言
RB0183,普通肥皂完全无法帮助去除病原体，只有强效消毒剂才有用。,医学健康,洗手与肥皂,2,经典误传
RB0498,一名自称“方便面蜡层领域内部人士”的账号声称，某实验室发现方便面面饼外层含有可用于铺路的沥青涂层，而且表示“食品安全科普 / 市场监管部门内部早已确认，只是尚未公开”。,食品谣言,方便面蜡层,5,内部人士二手说法
RB0246,钓鱼网站也能使用HTTPS，因此HTTPS加密完全没有任何安全价值。,信息安全,HTTPS,4,因果/范围误导
RB0066,一座火山几十年没有喷发，就可以确定它已经永久休眠，不会再活动。,地球科学,火山,4,因果/范围误导
RB0317,网传新发现的遗骨检测证明拿破仑真实身高超过2米，历史照片全部被篡改。,历史,拿破仑身高,4,匿名爆料
RB0190,今天社交平台出现一张所谓“官方最新截图”，内容称：卫生机构已经建议公众彻底停止使用普通肥皂，只能使用处方级消毒剂。截图未附原始发布链接。,医学健康,洗手与肥皂,5,实时截图
RB0106,出现抗生素耐药性意味着患者本人对药物产生了免疫，而不是细菌发生变化。,医学健康,抗生素与病毒,4,因果/范围误导
RB0135,睡眠需求存在个体差异，所以长期每天睡很少也肯定不会有健康问题。,医学健康,睡眠时长,4,半真半假
RB0046,某地近期小震增多，所以可以断定当地几天内必然发生特大地震。,地球科学,地震预测,4,因果/范围误导
RB0419,截至今天，大众刚刚被监管机构确认在全部在售车型中启用了新的全球排放作弊系统。,企业造假,大众柴油排放门,5,实时状态
RB0433,LIBOR操纵案完全不存在，从未有任何银行因此受到监管处罚。,金融市场,LIBOR操纵,2,经典误传
RB0469,截至今天，市场监管部门已经确认某地区全部无籽西瓜都含有超量人用避孕药。,食品科学,无籽西瓜,5,实时状态
RB0167,网传某种普通室内灯会产生比正午太阳强十倍的紫外线，几分钟即可严重灼伤皮肤。,医学健康,防晒与紫外线,4,匿名爆料
RB0450,今天社交平台出现一张所谓“官方最新截图”，内容称：Theranos已经恢复营业并获得监管机构批准重新提供全部原检测项目。截图未附原始发布链接。,科技企业,Theranos,5,实时截图
RB0297,网传所有主流云盘会秘密把用户文件自动公开给互联网上任何人。,信息技术,云存储,4,匿名爆料
RB0391,美国Tuskegee梅毒研究持续多年，参与者没有得到充分知情同意，并长期未获得当时已经可用的适当治疗。,医学史与伦理,Tuskegee梅毒研究,2,稳定事实
RB0153,咖啡因是一种镇静剂，通常会让人立即更困。,医学健康,咖啡因,2,经典误传
RB0285,有些删除文件可以恢复，所以删除操作永远无法真正清除数据。,信息技术,删除文件与数据恢复,4,半真半假
RB0038,一名自称“雷电领域内部人士”的账号声称，某品牌手机会释放特殊频率，能把雷电从数公里外吸过来，而且表示“NOAA / 中国气象局内部早已确认，只是尚未公开”。,地球科学,雷电,5,内部人士二手说法
RB0347,匿名“前雇员”称51区地下保存着数十名活体外星人，但拒绝提供身份或可核验文件。,解密与政府项目,51区,4,匿名爆料
RB0070,今天社交平台出现一张所谓“官方最新截图”，内容称：某著名火山的警戒级别已升至最高级。截图未附原始发布链接。,地球科学,火山,5,实时截图
RB0331,爱因斯坦并没有在学生时代“数学不及格”这一常见传说所说的那样数学能力差。,历史,爱因斯坦数学成绩,2,稳定事实
RB0249,截至今天，主流浏览器已经彻底取消HTTPS证书验证机制。,信息安全,HTTPS,5,实时状态
RB0041,目前科学界无法可靠地提前给出某地某日某时将发生多大地震的精确预测。,地球科学,地震预测,2,稳定事实
RB0392,该研究后来成为医学研究伦理和知情同意制度中的重要反面案例。,医学史与伦理,Tuskegee梅毒研究,3,限定事实
RB0442,Elizabeth Holmes后来因涉及投资者欺诈的刑事案件被定罪。,科技企业,Theranos,3,限定事实
RB0499,截至今天，监管部门已经确认所有主流方便面品牌统一使用工业石蜡涂层。,食品谣言,方便面蜡层,5,实时状态
RB0395,Tuskegee研究真实存在，所以今天所有公共卫生研究都应视为故意伤害受试者。,医学史与伦理,Tuskegee梅毒研究,4,半真半假
RB0162,SPF主要反映对UVB导致晒红的防护能力，并不意味着SPF数值就是可安全暴晒时间的简单倍数。,医学健康,防晒与紫外线,3,限定事实
RB0180,今天社交平台出现一张所谓“官方最新截图”，内容称：主流医学机构已经把ABO血型正式列为人格诊断标准。截图未附原始发布链接。,医学健康,血型与性格,5,实时截图
RB0402,烟草行业历史文件显示企业内部很早就研究过吸烟健康风险和尼古丁问题。,企业与公共健康,烟草公司隐瞒危害,3,限定事实
RB0348,一名自称“51区领域内部人士”的账号声称，51区地下保存着数十名活体外星人，但拒绝提供身份或可核验文件，而且表示“CIA Reading Room内部早已确认，只是尚未公开”。,解密与政府项目,51区,5,内部人士二手说法
RB0390,今天社交平台出现一张所谓“官方最新截图”，内容称：美国官方宣布重新启用Operation Northwoods作为现行军事政策。截图未附原始发布链接。,解密与军事史,Operation Northwoods,5,实时截图
RB0109,截至今天，卫生机构已经批准某种普通抗生素作为所有流感病例的一线抗病毒药。,医学健康,抗生素与病毒,5,实时状态
RB0376,元数据不是通话内容，所以元数据完全不涉及任何隐私风险。,隐私与政府项目,NSA电话元数据,4,因果/范围误导
RB0269,截至今天，主流手机系统已经因为安全问题全面停止支持二维码扫描。,信息安全,二维码,5,实时状态
RB0242,HTTPS并不能保证一个网站本身一定诚实、合法或不存在诈骗。,信息安全,HTTPS,3,限定事实
RB0088,一名自称“恐龙与鸟类领域内部人士”的账号声称，某偏远岛屿发现了仍然存活的霸王龙种群，但没有任何可核验标本或坐标，而且表示“Natural History Museum / peer-reviewed paleontology内部早已确认，只是尚未公开”。,生命科学,恐龙与鸟类,5,内部人士二手说法
RB0077,匿名文章称全球温度数据被所有气象机构统一修改，真实温度几十年来一直完全没变。,环境科学,天气与气候,4,匿名爆料
RB0343,美国政府从未存在过任何叫Area 51或Groom Lake的秘密试验设施。,解密与政府项目,51区,2,经典误传
RB0159,截至今天，某主要监管机构已经宣布全面禁止所有含咖啡因饮料销售。,医学健康,咖啡因,5,实时状态
RB0057,帖子称某次远海小地震已经产生300米高海啸，并将在数小时后横扫整个太平洋沿岸。,地球科学,海啸,4,匿名爆料
RB0308,一名自称“万里长城与太空可见性领域内部人士”的账号声称，最新载人登月任务从月球表面直接拍到了清晰可辨的整条万里长城，而且表示“NASA / ESA / 中国航天科普内部早已确认，只是尚未公开”。,历史与科普,万里长城与太空可见性,5,内部人士二手说法
RB0324,带角头盔是维京军队统一制式装备。,历史,维京人角盔,3,绝对化谣言
RB0218,一名自称“蓝牙领域内部人士”的账号声称，某型号蓝牙耳机会偷偷扫描用户大脑活动并上传思想内容，而且表示“Bluetooth SIG / FCC内部早已确认，只是尚未公开”。,信息技术,蓝牙,5,内部人士二手说法
RB0423,富国银行未经授权开户事件从未发生，监管机构后来撤回了全部指控。,金融与企业,富国银行未经授权开户,2,经典误传
RB0102,不恰当使用抗生素会增加细菌耐药性问题。,医学健康,抗生素与病毒,3,限定事实
RB0083,现代鸟类与恐龙没有任何演化关系。,生命科学,恐龙与鸟类,2,经典误传
RB0323,考古学已经证明所有维京战士都必须佩戴带两个巨大牛角的头盔。,历史,维京人角盔,2,经典误传
RB0004,月球背面永远处在黑暗中，从来照不到太阳。,天文科学,月球潮汐锁定,3,绝对化谣言
RB0231,生成式AI可以制作逼真的虚假图片、音频和视频，因此仅凭“看起来真实”不能确认内容真实性。,人工智能,AI深度伪造,2,稳定事实
RB0439,截至今天，全球主要监管机构宣布重新启用原版LIBOR作为唯一强制基准利率。,金融市场,LIBOR操纵,5,实时状态
RB0473,市场上销售的紫菜普遍是黑色塑料袋染色后切成的。,食品谣言,塑料紫菜,2,经典误传
RB0337,网传发现爱因斯坦秘密成绩单，显示他所有数学考试都是零分。,历史,爱因斯坦数学成绩,4,匿名爆料
RB0330,今天社交平台出现一张所谓“官方最新截图”，内容称：考古学界已经宣布发现决定性证据证明维京军队统一佩戴角盔。截图未附原始发布链接。,历史,维京人角盔,5,实时截图
RB0138,一名自称“睡眠时长领域内部人士”的账号声称，科学家发现人类其实完全不需要睡眠，睡觉只是现代社会培养出来的习惯，而且表示“AASM / CDC内部早已确认，只是尚未公开”。,医学健康,睡眠时长,5,内部人士二手说法
RB0199,截至今天，某国监管机构已经宣布家用微波炉存在不可避免的核辐射风险并全面召回。,物理与生活,微波炉,5,实时状态
RB0073,只要某地冬天出现暴雪，就证明全球变暖是假的。,环境科学,天气与气候,2,经典误传
RB0459,截至今天，某主要食品安全机构已经宣布味精为一级致癌物并全面禁售。,食品科学,味精(MSG),5,实时状态
RB0453,味精是一种塑料粉末，人体完全无法代谢其中任何成分。,食品科学,味精(MSG),2,经典误传
RB0440,今天社交平台出现一张所谓“官方最新截图”，内容称：全球主要监管机构宣布重新启用原版LIBOR作为唯一强制基准利率。截图未附原始发布链接。,金融市场,LIBOR操纵,5,实时截图
RB0487,网传监管部门秘密抽检发现全国80%的肉松蛋糕都使用医用棉花。,食品谣言,棉花肉松,4,匿名爆料
RB0437,匿名帖称仍有一个秘密组织每天单独决定全球所有银行贷款利率。,金融市场,LIBOR操纵,4,匿名爆料
RB0321,没有可靠考古证据表明维京战士普遍在战斗中佩戴影视作品中常见的大型带角头盔。,历史,维京人角盔,2,稳定事实
RB0412,大众后来就美国柴油排放作弊相关犯罪指控认罪。,企业造假,大众柴油排放门,3,限定事实
RB0113,疫苗已经被证明会导致自闭症。,医学健康,疫苗,2,经典误传
RB0267,网传某种二维码无需用户点击任何按钮，就能隔空复制手机里所有银行卡余额。,信息安全,二维码,4,匿名爆料
RB0358,一名自称“MKULTRA领域内部人士”的账号声称，MKULTRA至今仍以同一名称公开运行，并能通过手机信号远程控制全球人口思想，而且表示“CIA / U.S. Senate hearing records内部早已确认，只是尚未公开”。,解密与政府项目,MKULTRA,5,内部人士二手说法
RB0120,今天社交平台出现一张所谓“官方最新截图”，内容称：某国已经全面永久停止所有常规儿童疫苗接种。截图未附原始发布链接。,医学健康,疫苗,5,实时截图
RB0259,截至今天，某手机厂商已经正式承认最新系统会强制把所有两年以上电池容量锁定在50%。,消费电子,锂离子电池,5,实时状态
RB0449,截至今天，Theranos已经恢复营业并获得监管机构批准重新提供全部原检测项目。,科技企业,Theranos,5,实时状态
RB0119,截至今天，某国已经全面永久停止所有常规儿童疫苗接种。,医学健康,疫苗,5,实时状态
RB0179,截至今天，主流医学机构已经把ABO血型正式列为人格诊断标准。,医学健康,血型与性格,5,实时状态
RB0351,CIA曾实施名为MKULTRA的秘密研究项目，涉及LSD等药物和行为控制研究。,解密与政府项目,MKULTRA,2,稳定事实
RB0386,Northwoods没有被执行，所以文件中从未出现过任何制造借口的提议。,解密与军事史,Operation Northwoods,4,因果/范围误导
RB0122,多数普通感冒具有自限性，症状通常会随着时间缓解。,医学健康,普通感冒,3,限定事实
RB0277,网传浏览器无痕模式可以自动删除所有服务器和第三方公司已经保存的用户数据。,信息安全,无痕/隐私浏览模式,4,匿名爆料
RB0134,只要周末一次睡够20小时，就能完全抵消一周所有睡眠不足造成的影响。,医学健康,睡眠时长,3,绝对化谣言
RB0482,棉花的主要成分和肉松的蛋白质成分不同，可以通过检测区分。,食品谣言,棉花肉松,3,限定事实
RB0223,5G基站通过电离辐射直接破坏人体DNA，原理与核辐射完全相同。,信息技术,5G通信,2,经典误传
RB0091,黑洞并不会像宇宙吸尘器一样无差别吸走无限远处的一切物质。,天文科学,黑洞,2,稳定事实
RB0407,匿名文件声称烟草公司在香烟里加入了可以远程操纵人的纳米机器人。,企业与公共健康,烟草公司隐瞒危害,4,匿名爆料
RB0206,GPS可以提供位置，所以室内任何角落都能始终获得厘米级精度。,信息技术,GPS定位,4,因果/范围误导
RB0372,电话元数据与电话通话内容并不是完全相同的概念。,隐私与政府项目,NSA电话元数据,3,限定事实
RB0428,一名自称“富国银行未经授权开户领域内部人士”的账号声称，富国银行至今会自动为每个新客户秘密开设100个账户，而且表示“CFPB / OCC内部早已确认，只是尚未公开”。,金融与企业,富国银行未经授权开户,5,内部人士二手说法
RB0338,一名自称“爱因斯坦数学成绩领域内部人士”的账号声称，发现爱因斯坦秘密成绩单，显示他所有数学考试都是零分，而且表示“Einstein Archives / historical biographies内部早已确认，只是尚未公开”。,历史,爱因斯坦数学成绩,5,内部人士二手说法
RB0468,一名自称“无籽西瓜领域内部人士”的账号声称，吃一个无籽西瓜就会让人永久失去生育能力，而且表示“农业科普 / USDA extension内部早已确认，只是尚未公开”。,食品科学,无籽西瓜,5,内部人士二手说法
RB0288,一名自称“删除文件与数据恢复领域内部人士”的账号声称，某免费软件可以恢复世界上任何设备、任何年代、任何已覆盖数据的全部文件，而且表示“NIST media sanitization guidance / OS docs内部早已确认，只是尚未公开”。,信息技术,删除文件与数据恢复,5,内部人士二手说法
RB0100,今天社交平台出现一张所谓“官方最新截图”，内容称：天文学界已经确认银河系中心黑洞突然开始直接威胁太阳系安全。截图未附原始发布链接。,天文科学,黑洞,5,实时截图
RB0266,二维码本身只是数据编码，因此扫码后的任何网页和下载都肯定安全。,信息安全,二维码,4,因果/范围误导
RB0068,一名自称“火山领域内部人士”的账号声称，某著名休眠火山内部监测到“人工核爆信号”，说明有人正在秘密诱发喷发，而且表示“USGS Volcano Hazards / Smithsonian GVP内部早已确认，只是尚未公开”。,地球科学,火山,5,内部人士二手说法
RB0136,睡眠不足有健康风险，因此任何一天少睡一小时都会造成永久性脑损伤。,医学健康,睡眠时长,4,因果/范围误导
RB0325,维京人普遍不戴角盔，所以北欧古代任何带角头饰都一定是现代伪造。,历史,维京人角盔,4,半真半假
RB0171,ABO血型由遗传因素决定，并用于输血相容性等医学场景。,医学健康,血型与性格,2,稳定事实
RB0470,今天社交平台出现一张所谓“官方最新截图”，内容称：市场监管部门已经确认某地区全部无籽西瓜都含有超量人用避孕药。截图未附原始发布链接。,食品科学,无籽西瓜,5,实时截图
RB0383,Operation Northwoods这个文件是互联网时代伪造的，从未出现在美国政府档案中。,解密与军事史,Operation Northwoods,2,经典误传
RB0393,Tuskegee研究只是虚构故事，美国政府从未开展过这一研究。,医学史与伦理,Tuskegee梅毒研究,2,经典误传
RB0471,网络上曾流传“紫菜是黑色塑料袋做的”视频，但相关案例经调查并不能据此证明正常紫菜由塑料制成。,食品谣言,塑料紫菜,2,稳定事实
RB0364,官方文件证明COINTELPRO可以读取任何人的思想并远程操控其行为。,解密与政府项目,COINTELPRO,3,绝对化谣言
RB0074,全球变暖意味着地球上每一个地点、每一天都会比上一年更热。,环境科学,天气与气候,3,绝对化谣言
RB0360,今天社交平台出现一张所谓“官方最新截图”，内容称：美国政府已经宣布重新启动MKULTRA并公开招募普通民众参加思想控制实验。截图未附原始发布链接。,解密与政府项目,MKULTRA,5,实时截图
RB0217,网传某型号蓝牙耳机会偷偷扫描用户大脑活动并上传思想内容。,信息技术,蓝牙,4,匿名爆料
RB0411,大众汽车曾在部分柴油车中使用软件识别排放测试环境并改变车辆排放控制行为。,企业造假,大众柴油排放门,2,稳定事实
RB0426,只有少数员工受到处罚，所以银行管理和激励制度与事件完全无关。,金融与企业,富国银行未经授权开户,4,因果/范围误导
RB0056,只要第一次海啸波过去，后续就绝对不会再有更大的波。,地球科学,海啸,4,因果/范围误导
RB0381,1962年的Operation Northwoods文件包含制造或利用事件作为对古巴采取军事行动理由的提案。,解密与军事史,Operation Northwoods,2,稳定事实
RB0350,今天社交平台出现一张所谓“官方最新截图”，内容称：美国政府已经正式承认51区正在与外星文明开展联合研究。截图未附原始发布链接。,解密与政府项目,51区,5,实时截图
RB0210,今天社交平台出现一张所谓“官方最新截图”，内容称：全球GPS系统已经出现大范围永久性故障，民用定位基本不可用。截图未附原始发布链接。,信息技术,GPS定位,5,实时截图
RB0307,网传最新载人登月任务从月球表面直接拍到了清晰可辨的整条万里长城。,历史与科普,万里长城与太空可见性,4,匿名爆料
RB0245,HTTPS能加密传输，所以网站运营者绝对无法看到用户提交给网站的内容。,信息安全,HTTPS,4,半真半假
RB0052,海啸在深海中波高可能不明显，但传播速度可以很快，靠近浅水区后波高可能增大。,地球科学,海啸,3,限定事实
RB0025,地球轨道距离变化对季节毫无任何影响，因此太阳距离在所有气候问题里都可以忽略。,地球科学,四季成因,4,半真半假
RB0067,网传某著名休眠火山内部监测到“人工核爆信号”，说明有人正在秘密诱发喷发。,地球科学,火山,4,匿名爆料
RB0098,一名自称“黑洞领域内部人士”的账号声称，天文学家发现一个黑洞正在以超光速朝太阳系冲来，并将在一年内吞噬地球，而且表示“NASA / ESO内部早已确认，只是尚未公开”。,天文科学,黑洞,5,内部人士二手说法
RB0187,网传某款普通香皂能在一次洗手后让皮肤永久保持无菌。,医学健康,洗手与肥皂,4,匿名爆料
RB0362,COINTELPRO的存在后来由FBI档案和国会调查等材料确认。,解密与政府项目,COINTELPRO,3,限定事实
RB0378,一名自称“NSA电话元数据领域内部人士”的账号声称，NSA现在可以通过电话元数据直接恢复所有未被录音的历史通话内容，而且表示“PCLOB / U.S. government records内部早已确认，只是尚未公开”。,隐私与政府项目,NSA电话元数据,5,内部人士二手说法
RB0367,匿名帖称COINTELPRO从未结束，现在通过每一台家用电视秘密监听所有家庭。,解密与政府项目,COINTELPRO,4,匿名爆料
RB0438,一名自称“LIBOR操纵领域内部人士”的账号声称，仍有一个秘密组织每天单独决定全球所有银行贷款利率，而且表示“CFTC / FCA / DOJ内部早已确认，只是尚未公开”。,金融市场,LIBOR操纵,5,内部人士二手说法
RB0131,不同年龄段和个体所需睡眠时间存在差异，并不存在所有人都必须精确睡满8小时的统一规则。,医学健康,睡眠时长,2,稳定事实
RB0366,COINTELPRO后来曝光，因此今天所有联邦执法调查都等同于当年的非法政治破坏计划。,解密与政府项目,COINTELPRO,4,因果/范围误导
RB0071,单次寒潮或某一天异常寒冷，不能单独否定全球长期气候变暖趋势。,环境科学,天气与气候,2,稳定事实
RB0318,一名自称“拿破仑身高领域内部人士”的账号声称，新发现的遗骨检测证明拿破仑真实身高超过2米，历史照片全部被篡改，而且表示“Britannica / historical scholarship内部早已确认，只是尚未公开”。,历史,拿破仑身高,5,内部人士二手说法
RB0480,今天社交平台出现一张所谓“官方最新截图”，内容称：市场监管部门刚刚发布全国性公告，确认多家主流紫菜品牌使用塑料原料。截图未附原始发布链接。,食品谣言,塑料紫菜,5,实时截图
RB0389,截至今天，美国官方宣布重新启用Operation Northwoods作为现行军事政策。,解密与军事史,Operation Northwoods,5,实时状态
RB0322,带角维京头盔形象在19世纪艺术和舞台设计中被进一步流行化。,历史,维京人角盔,3,限定事实
RB0369,截至今天，FBI已经正式宣布恢复COINTELPRO原项目名称和全部历史行动方式。,解密与政府项目,COINTELPRO,5,实时状态
RB0326,影视中的角盔不符合主流考古证据，因此所有关于维京人的影视作品都完全不可信。,历史,维京人角盔,4,因果/范围误导
RB0416,某些实验室排放数据有误差，因此大众排放门只是普通测量误差。,企业造假,大众柴油排放门,4,因果/范围误导
RB0139,截至今天，国际睡眠医学机构已经把所有成年人的推荐睡眠统一改成每天4小时。,医学健康,睡眠时长,5,实时状态
RB0424,该事件证明美国所有银行都会自动替每个客户开设十个秘密账户。,金融与企业,富国银行未经授权开户,3,绝对化谣言
RB0065,火山闪电说明火山内部存在人工高压电力设备。,地球科学,火山,4,半真半假
RB0398,一名自称“Tuskegee梅毒研究领域内部人士”的账号声称，Tuskegee研究至今仍在原地点秘密继续，并每年故意感染大量新受试者，而且表示“CDC内部早已确认，只是尚未公开”。,医学史与伦理,Tuskegee梅毒研究,5,内部人士二手说法
RB0462,无籽西瓜并非完全没有任何未发育种子痕迹，偶尔可见柔软白色种皮。,食品科学,无籽西瓜,3,限定事实
RB0020,今天社交平台出现一张所谓“官方最新截图”，内容称：火星表面仍有至少两辆NASA火星车处于正常科学运行状态。截图未附原始发布链接。,天文科学,火星,5,实时截图
RB0289,截至今天，某主流操作系统更新后所有删除文件都会自动永久上传到云端备份。,信息技术,删除文件与数据恢复,5,实时状态
RB0484,肉松只要用水洗后出现白色纤维，就能百分之百证明原料是棉花。,食品谣言,棉花肉松,3,绝对化谣言
RB0497,网传某实验室发现方便面面饼外层含有可用于铺路的沥青涂层。,食品谣言,方便面蜡层,4,匿名爆料
RB0399,截至今天，美国CDC已经宣布重新启动Tuskegee原研究方案。,医学史与伦理,Tuskegee梅毒研究,5,实时状态
RB0475,“塑料紫菜”谣言被辟谣，所以任何紫菜产品都绝不可能出现其他食品安全问题。,食品谣言,塑料紫菜,4,半真半假
RB0212,蓝牙使用的射频属于非电离辐射，不等同于X射线或伽马射线。,信息技术,蓝牙,3,限定事实
RB0107,网传某种常见抗生素被发现可以彻底消灭所有病毒，因此以后不再需要疫苗。,医学健康,抗生素与病毒,4,匿名爆料
RB0385,Northwoods提案真实存在，所以历史上所有争议性袭击事件都必然是政府自导自演。,解密与军事史,Operation Northwoods,4,半真半假
RB0420,今天社交平台出现一张所谓“官方最新截图”，内容称：大众刚刚被监管机构确认在全部在售车型中启用了新的全球排放作弊系统。截图未附原始发布链接。,企业造假,大众柴油排放门,5,实时截图
RB0302,在近地轨道特定条件下，人类可能辨认某些大型地表结构，但这与从月球肉眼看清长城完全不同。,历史与科普,万里长城与太空可见性,3,限定事实
RB0284,任何删除了十年的文件都能百分之百通过普通软件完整恢复。,信息技术,删除文件与数据恢复,3,绝对化谣言
RB0023,地球夏天是因为运行到离太阳最近的位置，冬天则是离太阳最远。,地球科学,四季成因,2,经典误传
RB0151,咖啡因是一种中枢神经系统兴奋剂，可能提高警觉性并影响睡眠。,医学健康,咖啡因,2,稳定事实
RB0108,一名自称“抗生素与病毒领域内部人士”的账号声称，某种常见抗生素被发现可以彻底消灭所有病毒，因此以后不再需要疫苗，而且表示“WHO / CDC内部早已确认，只是尚未公开”。,医学健康,抗生素与病毒,5,内部人士二手说法
RB0181,正确使用普通肥皂和清水洗手能够有效去除大量病原体和污物。,医学健康,洗手与肥皂,2,稳定事实
RB0117,匿名文章称所有疫苗成分都被统一加入了可远程追踪人体位置的微型芯片。,医学健康,疫苗,4,匿名爆料
RB0234,目前所有AI生成图片都必然带有肉眼可见的六根手指。,人工智能,AI深度伪造,3,绝对化谣言
RB0039,今天网上流传的某段“手机引雷”视频已被当地气象部门证实为真实事故原片。,地球科学,雷电,5,实时状态
RB0401,美国法院和政府案件确认，多家大型烟草公司曾长期就吸烟危害和尼古丁成瘾问题误导公众。,企业与公共健康,烟草公司隐瞒危害,2,稳定事实
RB0255,锂电池没有典型记忆效应，所以高温、过充等因素对电池寿命完全没有影响。,消费电子,锂离子电池,4,半真半假
RB0365,COINTELPRO真实存在，所以任何声称“政府正在监视我”的个人说法都应自动视为真实。,解密与政府项目,COINTELPRO,4,半真半假
RB0086,发现带羽毛恐龙化石就意味着所有恐龙都长满和现代鸟类完全一样的羽毛。,生命科学,恐龙与鸟类,4,因果/范围误导
RB0457,网传某实验发现味精会在胃里变成强致癌工业胶水。,食品科学,味精(MSG),4,匿名爆料
RB0226,某地开通5G后疾病病例增加，就足以证明5G是疾病的直接病因。,信息技术,5G通信,4,因果/范围误导
RB0185,普通肥皂有效，所以任何情况下都不需要酒精类手消毒剂。,医学健康,洗手与肥皂,4,半真半假
RB0352,MKULTRA项目后来通过美国国会听证和解密文件得到证实。,解密与政府项目,MKULTRA,3,限定事实
RB0310,今天社交平台出现一张所谓“官方最新截图”，内容称：某航天机构刚刚发布了从月球肉眼拍摄长城的官方照片。截图未附原始发布链接。,历史与科普,万里长城与太空可见性,5,实时截图
RB0178,一名自称“血型与性格领域内部人士”的账号声称，某公司已经用血型检测准确预测员工忠诚度，准确率达到99.9%，而且表示“NHS / hematology references内部早已确认，只是尚未公开”。,医学健康,血型与性格,5,内部人士二手说法
RB0116,疫苗不是100%有效，因此接种疫苗没有任何公共卫生价值。,医学健康,疫苗,4,因果/范围误导
RB0143,维生素C对人体没有任何生理作用。,医学健康,维生素C,2,经典误传
RB0332,不同学校和时期的成绩评分制度差异曾导致后人误读他的成绩单。,历史,爱因斯坦数学成绩,3,限定事实
RB0436,部分交易员被处罚，所以所有参与LIBOR报价的银行员工都实施过犯罪。,金融市场,LIBOR操纵,4,因果/范围误导
RB0492,油炸方便面的保存主要与降低水分活度、包装等因素有关，并不是靠工业蜡包裹。,食品谣言,方便面蜡层,3,限定事实
RB0208,一名自称“GPS定位领域内部人士”的账号声称，GPS卫星会持续记录并保存每一部手机用户的完整移动轨迹和聊天内容，而且表示“GPS.gov / ESA内部早已确认，只是尚未公开”。,信息技术,GPS定位,5,内部人士二手说法
RB0092,如果太阳在保持相同质量的前提下被一个同质量黑洞替代，地球轨道在引力上仍会近似保持原状。,天文科学,黑洞,3,限定事实
RB0155,咖啡因能暂时提高警觉性，因此可以永久替代正常睡眠。,医学健康,咖啡因,4,半真半假
RB0445,Theranos曾经造假，所以所有微量血液检测技术都必然是骗局。,科技企业,Theranos,4,半真半假
RB0253,手机电池必须每次用到0%再充到100%，否则一定会产生严重记忆效应。,消费电子,锂离子电池,2,经典误传
RB0275,无痕模式不能对ISP隐藏访问，因此它完全没有任何隐私用途。,信息安全,无痕/隐私浏览模式,4,半真半假
RB0405,烟草企业曾经误导公众，所以任何一家烟草公司的任何声明都必然是假的。,企业与公共健康,烟草公司隐瞒危害,4,半真半假
RB0220,今天社交平台出现一张所谓“官方最新截图”，内容称：主流手机系统已经因为严重安全漏洞全面禁用了蓝牙功能。截图未附原始发布链接。,信息技术,蓝牙,5,实时截图
RB0238,一名自称“AI深度伪造领域内部人士”的账号声称，已有AI系统可以只看一张普通照片就百分之百还原一个人的全部记忆，而且表示“NIST / platform transparency reports内部早已确认，只是尚未公开”。,人工智能,AI深度伪造,5,内部人士二手说法
RB0434,LIBOR丑闻证明全球所有贷款利率在所有年份都由同一个交易员随意决定。,金融市场,LIBOR操纵,3,绝对化谣言
RB0013,火星只有一颗天然卫星。,天文科学,火星,2,经典误传
RB0045,既然无法精确预测地震，就说明地震监测和风险评估完全没有科学价值。,地球科学,地震预测,4,半真半假
RB0467,网传吃一个无籽西瓜就会让人永久失去生育能力。,食品科学,无籽西瓜,4,匿名爆料
RB0035,高楼经常被雷击，所以任何站在高楼室内的人都会直接遭到雷击。,地球科学,雷电,4,半真半假
RB0040,今天社交平台出现一张所谓“官方最新截图”，内容称：今天网上流传的某段“手机引雷”视频已被当地气象部门证实为真实事故原片。截图未附原始发布链接。,地球科学,雷电,5,实时截图
RB0418,一名自称“大众柴油排放门领域内部人士”的账号声称，大众所有电动车也安装了同一套柴油尾气作弊程序，而且表示“U.S. DOJ / EPA内部早已确认，只是尚未公开”。,企业造假,大众柴油排放门,5,内部人士二手说法
RB0114,只要接种过某种疫苗，就永远不可能再感染对应病原体。,医学健康,疫苗,3,绝对化谣言
RB0239,截至今天，某主流平台已经实现对所有AI生成视频100%准确的自动识别。,人工智能,AI深度伪造,5,实时状态
RB0313,拿破仑成年后身高只有大约1.3米。,历史,拿破仑身高,2,经典误传
RB0315,拿破仑并非异常矮小，所以所有关于他身高的历史记录都是英国伪造的。,历史,拿破仑身高,4,半真半假
RB0304,宇航员只要进入太空，就一定可以不用任何光学设备清晰看到整条长城。,历史与科普,万里长城与太空可见性,3,绝对化谣言
RB0037,短视频称某品牌手机会释放特殊频率，能把雷电从数公里外吸过来。,地球科学,雷电,4,匿名爆料
RB0008,一名自称“月球潮汐锁定领域内部人士”的账号声称，月球背面已经发现规模巨大的人工城市，但各国航天机构联合隐瞒，而且表示“NASA / 中国科学院天文科普内部早已确认，只是尚未公开”。,天文科学,月球潮汐锁定,5,内部人士二手说法
RB0129,截至今天，医学界已经发布能够一次服用就根治所有普通感冒的新药。,医学健康,普通感冒,5,实时状态
RB0165,UVA能穿透云层，所以任何阴天户外活动都会造成严重晒伤。,医学健康,防晒与紫外线,4,半真半假
RB0148,一名自称“维生素C领域内部人士”的账号声称，某研究证明一片超高剂量维生素C能够替代所有疫苗和抗感染药物，而且表示“NIH Office of Dietary Supplements / WHO内部早已确认，只是尚未公开”。,医学健康,维生素C,5,内部人士二手说法
RB0161,紫外线中的UVA可以穿透云层，阴天也可能存在紫外线暴露。,医学健康,防晒与紫外线,2,稳定事实
RB0225,5G使用非电离辐射，所以任何基站在任意功率下都不需要遵守暴露限值。,信息技术,5G通信,4,半真半假
RB0205,GPS接收器主要接收信号，所以任何使用GPS的设备都绝对不可能泄露位置。,信息技术,GPS定位,4,半真半假
RB0010,今天社交平台出现一张所谓“官方最新截图”，内容称：NASA的Artemis载人绕月任务时间表完全没有发生任何调整。截图未附原始发布链接。,天文科学,月球潮汐锁定,5,实时截图
RB0012,火星极区和地下存在大量水冰证据，但这不等于火星表面存在可直接饮用的液态海洋。,天文科学,火星,3,限定事实
RB0479,截至今天，市场监管部门刚刚发布全国性公告，确认多家主流紫菜品牌使用塑料原料。,食品谣言,塑料紫菜,5,实时状态
RB0050,今天社交平台出现一张所谓“官方最新截图”，内容称：某研究机构已经正式宣布可以提前7天准确预测全球所有7级以上地震。截图未附原始发布链接。,地球科学,地震预测,5,实时截图
RB0287,网传某免费软件可以恢复世界上任何设备、任何年代、任何已覆盖数据的全部文件。,信息技术,删除文件与数据恢复,4,匿名爆料
RB0059,今天太平洋某海域发生的地震已经触发了最高等级海啸警报。,地球科学,海啸,5,实时状态
RB0064,所有火山喷发前都会在24小时内出现完全相同的预兆。,地球科学,火山,3,绝对化谣言
RB0024,南北半球的四季在同一月份完全一致。,地球科学,四季成因,3,绝对化谣言
RB0029,截至今天，地球自转轴倾角已经比去年突然变化了超过1度。,地球科学,四季成因,5,实时状态
RB0192,微波加热会使食物中的极性分子吸收能量并产生热量。,物理与生活,微波炉,3,限定事实
RB0047,匿名账号称掌握“官方内部地震预测表”，能精确到未来一个月每天的震级和地点。,地球科学,地震预测,4,匿名爆料
RB0444,Theranos从未吸引过投资者，也从未进行过任何真实商业运营。,科技企业,Theranos,3,绝对化谣言
RB0400,今天社交平台出现一张所谓“官方最新截图”，内容称：美国CDC已经宣布重新启动Tuskegee原研究方案。截图未附原始发布链接。,医学史与伦理,Tuskegee梅毒研究,5,实时截图
RB0221,5G移动通信使用的是非电离射频电磁波。,信息技术,5G通信,2,稳定事实
RB0182,所谓“抗菌”并不意味着一款家用清洁产品能杀灭所有细菌、病毒和真菌。,医学健康,洗手与肥皂,3,限定事实
RB0036,只要没有下雨，就绝对不可能遭到雷击。,地球科学,雷电,4,因果/范围误导
RB0474,只要紫菜泡水后撕不断，就一定是塑料制品。,食品谣言,塑料紫菜,3,绝对化谣言
RB0303,万里长城是唯一能从月球上用肉眼清楚看到的人造建筑。,历史与科普,万里长城与太空可见性,2,经典误传
RB0140,今天社交平台出现一张所谓“官方最新截图”，内容称：国际睡眠医学机构已经把所有成年人的推荐睡眠统一改成每天4小时。截图未附原始发布链接。,医学健康,睡眠时长,5,实时截图
RB0189,截至今天，卫生机构已经建议公众彻底停止使用普通肥皂，只能使用处方级消毒剂。,医学健康,洗手与肥皂,5,实时状态
RB0261,二维码本质上可以编码文本、网址等数据，扫描后是否安全取决于其中内容和后续操作。,信息安全,二维码,2,稳定事实
RB0417,网传大众所有电动车也安装了同一套柴油尾气作弊程序。,企业造假,大众柴油排放门,4,匿名爆料
RB0356,CIA后来承认MKULTRA，所以所有参与者的每一项传闻经历都已经获得官方文件逐条证实。,解密与政府项目,MKULTRA,4,因果/范围误导
RB0026,因为四季由地轴倾斜造成，所以赤道地区一年中的日照时长和气候完全不会变化。,地球科学,四季成因,4,因果/范围误导
RB0314,历史档案证明拿破仑是当时欧洲最矮的成年人。,历史,拿破仑身高,3,绝对化谣言
RB0264,二维码只能存储图片，不能包含网址或文本。,信息安全,二维码,3,绝对化谣言
RB0312,关于拿破仑“极端矮小”的大众印象与当时英法度量单位差异和政治讽刺等因素有关。,历史,拿破仑身高,3,限定事实
RB0198,一名自称“微波炉领域内部人士”的账号声称，实验发现吃一口微波炉加热的食物会使人体辐射值升高几十倍，而且表示“FDA / WHO radiation information内部早已确认，只是尚未公开”。,物理与生活,微波炉,5,内部人士二手说法
RB0236,某个AI检测器给出95%的AI概率，就已经等同于司法意义上的绝对证明。,人工智能,AI深度伪造,4,因果/范围误导
RB0111,疫苗通常不能保证接种者百分之百不会感染，但可以针对特定疾病降低感染或重症风险。,医学健康,疫苗,2,稳定事实
RB0258,一名自称“锂离子电池领域内部人士”的账号声称，某系统更新会通过软件把所有旧手机电池物理容量永久砍掉一半，而且表示“Apple / Google / battery engineering references内部早已确认，只是尚未公开”。,消费电子,锂离子电池,5,内部人士二手说法
RB0334,爱因斯坦直到成年后才第一次学会代数。,历史,爱因斯坦数学成绩,3,绝对化谣言
RB0355,MKULTRA项目真实存在，因此网上任何关于CIA心灵控制的说法都可以直接判为真实。,解密与政府项目,MKULTRA,4,半真半假
RB0327,网传发现一座维京万人墓，所有遗骸都戴着完全相同的巨型牛角头盔。,历史,维京人角盔,4,匿名爆料
RB0090,今天社交平台出现一张所谓“官方最新截图”，内容称：科学界已经正式确认发现了仍存活的非鸟恐龙。截图未附原始发布链接。,生命科学,恐龙与鸟类,5,实时截图
RB0118,一名自称“疫苗领域内部人士”的账号声称，所有疫苗成分都被统一加入了可远程追踪人体位置的微型芯片，而且表示“WHO / CDC / 国家疾控局内部早已确认，只是尚未公开”。,医学健康,疫苗,5,内部人士二手说法
RB0009,截至今天，NASA的Artemis载人绕月任务时间表完全没有发生任何调整。,天文科学,月球潮汐锁定,5,实时状态
RB0460,今天社交平台出现一张所谓“官方最新截图”，内容称：某主要食品安全机构已经宣布味精为一级致癌物并全面禁售。截图未附原始发布链接。,食品科学,味精(MSG),5,实时截图
RB0349,截至今天，美国政府已经正式承认51区正在与外星文明开展联合研究。,解密与政府项目,51区,5,实时状态
RB0069,截至今天，某著名火山的警戒级别已升至最高级。,地球科学,火山,5,实时状态
RB0103,抗生素可以杀死流感病毒，因此流感患者吃抗生素一定能缩短病程。,医学健康,抗生素与病毒,2,经典误传
RB0021,地球四季的主要原因是地轴倾斜，而不是地球在夏季明显更靠近太阳。,地球科学,四季成因,2,稳定事实
RB0133,成年人每天只睡3小时长期也不会对认知表现产生任何影响。,医学健康,睡眠时长,2,经典误传
RB0080,今天社交平台出现一张所谓“官方最新截图”，内容称：2026年已经被正式确认是有观测记录以来全球最热的一整年。截图未附原始发布链接。,环境科学,天气与气候,5,实时截图
RB0054,海啸在深海里一定是几十米高的水墙，因此远洋船只一眼就能看到。,地球科学,海啸,3,绝对化谣言
RB0061,火山喷发柱中的火山灰颗粒碰撞可以产生电荷分离，从而出现火山闪电。,地球科学,火山,2,稳定事实
RB0265,恶意二维码可能指向钓鱼网站，所以所有二维码都应该视为病毒。,信息安全,二维码,4,半真半假
RB0357,网传MKULTRA至今仍以同一名称公开运行，并能通过手机信号远程控制全球人口思想。,解密与政府项目,MKULTRA,4,匿名爆料
RB0222,5G网络与X射线所用电磁辐射在频率和电离能力上并不相同。,信息技术,5G通信,3,限定事实
RB0300,今天社交平台出现一张所谓“官方最新截图”，内容称：某主流云盘已经宣布所有免费用户文件将在今晚统一永久删除。截图未附原始发布链接。,信息技术,云存储,5,实时截图
RB0490,今天社交平台出现一张所谓“官方最新截图”，内容称：某地监管机构已经确认当地所有肉松店统一使用棉花代替肉类。截图未附原始发布链接。,食品谣言,棉花肉松,5,实时截图
RB0031,同一个地点完全可能被雷电多次击中，高层建筑尤其如此。,地球科学,雷电,2,稳定事实
RB0294,只要文件上传到云端，就能保证永久存在且绝不可能被删除、损坏或无法访问。,信息技术,云存储,3,绝对化谣言
RB0329,截至今天，考古学界已经宣布发现决定性证据证明维京军队统一佩戴角盔。,历史,维京人角盔,5,实时状态
RB0443,Theranos的全部核心检测技术后来被证明完全符合其最初所有公开宣传，公司也正常发展至今。,科技企业,Theranos,2,经典误传
RB0410,今天社交平台出现一张所谓“官方最新截图”，内容称：某大型烟草公司已经被监管机构确认秘密加入新的未公开致命化学物质。截图未附原始发布链接。,企业与公共健康,烟草公司隐瞒危害,5,实时截图
RB0260,今天社交平台出现一张所谓“官方最新截图”，内容称：某手机厂商已经正式承认最新系统会强制把所有两年以上电池容量锁定在50%。截图未附原始发布链接。,消费电子,锂离子电池,5,实时截图
RB0432,LIBOR曾经依赖银行提交报价，这种机制在丑闻后受到重大改革并最终逐步退出。,金融市场,LIBOR操纵,3,限定事实
RB0186,手上仍然可能存在微生物，因此洗手本身没有任何意义。,医学健康,洗手与肥皂,4,因果/范围误导
RB0018,一名自称“火星领域内部人士”的账号声称，火星探测器拍到了正在移动的“外星城市车辆”，但原始图像编号和来源均未提供，而且表示“NASA / ESA内部早已确认，只是尚未公开”。,天文科学,火星,5,内部人士二手说法
RB0377,网传NSA现在可以通过电话元数据直接恢复所有未被录音的历史通话内容。,隐私与政府项目,NSA电话元数据,4,匿名爆料
RB0268,一名自称“二维码领域内部人士”的账号声称，某种二维码无需用户点击任何按钮，就能隔空复制手机里所有银行卡余额，而且表示“NIST cybersecurity guidance / platform docs内部早已确认，只是尚未公开”。,信息安全,二维码,5,内部人士二手说法
RB0309,截至今天，某航天机构刚刚发布了从月球肉眼拍摄长城的官方照片。,历史与科普,万里长城与太空可见性,5,实时状态
RB0396,Tuskegee研究没有给受试者故意注射梅毒，因此整个研究不存在任何伦理问题。,医学史与伦理,Tuskegee梅毒研究,4,因果/范围误导
RB0175,血型与性格缺乏可靠证据，所以血型在医学上也完全没有意义。,医学健康,血型与性格,4,半真半假
RB0375,NSA收集过电话元数据，所以任何国家的任何电话在任何时期都必然被NSA完整录音。,隐私与政府项目,NSA电话元数据,4,半真半假
